ID,Longitude,Latitude,Timestamp,DAC,Original core file,Original synthetic file
4900949_121,-147.756,47.14,2015-10-31T22:47:39.000Z,JA,ftp://ftp.ifremer.fr/ifremer/argo/dac/jma/4900949/profiles/D4900949_121.nc,
5901076_321,-140.038,49.133,2015-10-31T22:42:20.002Z,AO,ftp://ftp.ifremer.fr/ifremer/argo/dac/aoml/5901076/profiles/D5901076_321.nc,
4901440_140,-146.81,49.709,2015-10-31T16:09:51.001Z,AO,ftp://ftp.ifremer.fr/ifremer/argo/dac/aoml/4901440/profiles/D4901440_140.nc,
5903743_242,-142.394,50.078,2015-10-31T10:01:55.001Z,AO,ftp://ftp.ifremer.fr/ifremer/argo/dac/aoml/5903743/profiles/D5903743_242.nc,ftp://ftp.ifremer.fr/ifremer/argo/dac/aoml/5903743/profiles/SD5903743_242.nc
4902083_015,-151.07,48.922,2015-10-31T08:23:44.000Z,AO,ftp://ftp.ifremer.fr/ifremer/argo/dac/aoml/4902083/profiles/D4902083_015.nc,
5903714_261,-141.145,51.335,2015-10-31T04:58:29.000Z,AO,ftp://ftp.ifremer.fr/ifremer/argo/dac/aoml/5903714/profiles/D5903714_261.nc,ftp://ftp.ifremer.fr/ifremer/argo/dac/aoml/5903714/profiles/SD5903714_261.nc
5904125_167,-148.679,51.326,2015-10-29T08:49:54.000Z,AO,ftp://ftp.ifremer.fr/ifremer/argo/dac/aoml/5904125/profiles/D5904125_167.nc,ftp://ftp.ifremer.fr/ifremer/argo/dac/aoml/5904125/profiles/SD5904125_167.nc
5901079_312,-144.946,47.618,2015-10-29T04:46:31.000Z,AO,ftp://ftp.ifremer.fr/ifremer/argo/dac/aoml/5901079/profiles/D5901079_312.nc,
5904491_027,-142.638,47.554,2015-10-29T03:25:45.000Z,AO,ftp://ftp.ifremer.fr/ifremer/argo/dac/aoml/5904491/profiles/D5904491_027.nc,
5904106_129,-146.396,47.018,2015-10-28T13:06:43.001Z,AO,ftp://ftp.ifremer.fr/ifremer/argo/dac/aoml/5904106/profiles/D5904106_129.nc,ftp://ftp.ifremer.fr/ifremer/argo/dac/aoml/5904106/profiles/SD5904106_129.nc
4901731_098,-140.55239868164062,51.57789993286133,2015-10-28T06:24:00.000Z,ME,ftp://ftp.ifremer.fr/ifremer/argo/dac/meds/4901731/profiles/D4901731_098.nc,
4901777_011,-153.1168975830078,48.79349899291992,2015-10-27T08:39:59.999Z,ME,ftp://ftp.ifremer.fr/ifremer/argo/dac/meds/4901777/profiles/D4901777_011.nc,
5904095_134,-147.069,50.616,2015-10-27T07:30:58.000Z,AO,ftp://ftp.ifremer.fr/ifremer/argo/dac/aoml/5904095/profiles/D5904095_134.nc,ftp://ftp.ifremer.fr/ifremer/argo/dac/aoml/5904095/profiles/SD5904095_134.nc
5903743_241,-142.268,50.056,2015-10-26T09:53:46.001Z,AO,ftp://ftp.ifremer.fr/ifremer/argo/dac/aoml/5903743/profiles/D5903743_241.nc,ftp://ftp.ifremer.fr/ifremer/argo/dac/aoml/5903743/profiles/SD5903743_241.nc
5903714_260,-141.155,51.354,2015-10-25T23:52:35.002Z,AO,ftp://ftp.ifremer.fr/ifremer/argo/dac/aoml/5903714/profiles/D5903714_260.nc,ftp://ftp.ifremer.fr/ifremer/argo/dac/aoml/5903714/profiles/SD5903714_260.nc
4901795_011,-142.83120727539062,48.773399353027344,2015-10-25T11:49:00.000Z,ME,ftp://ftp.ifremer.fr/ifremer/argo/dac/meds/4901795/profiles/D4901795_011.nc,
4901774_011,-141.8592987060547,47.797698974609375,2015-10-25T05:59:00.000Z,ME,ftp://ftp.ifremer.fr/ifremer/argo/dac/meds/4901774/profiles/D4901774_011.nc,
5904125_166,-148.638,51.26,2015-10-24T04:08:17.000Z,AO,ftp://ftp.ifremer.fr/ifremer/argo/dac/aoml/5904125/profiles/D5904125_166.nc,ftp://ftp.ifremer.fr/ifremer/argo/dac/aoml/5904125/profiles/SD5904125_166.nc
4902253_018,-146.6454,45.3816,2015-10-23T09:58:52.999Z,JA,ftp://ftp.ifremer.fr/ifremer/argo/dac/jma/4902253/profiles/D4902253_018.nc,
4901766_061,-147.40829467773438,51.74190139770508,2015-10-23T08:52:00.000Z,ME,ftp://ftp.ifremer.fr/ifremer/argo/dac/meds/4901766/profiles/D4901766_061.nc,
4901180_119,-142.0417022705078,51.2036018371582,2015-10-22T10:24:00.000Z,ME,ftp://ftp.ifremer.fr/ifremer/argo/dac/meds/4901180/profiles/D4901180_119.nc,
4901188_119,-145.6374969482422,47.37889862060547,2015-10-22T10:17:59.999Z,ME,ftp://ftp.ifremer.fr/ifremer/argo/dac/meds/4901188/profiles/D4901188_119.nc,
5901077_320,-142.856,47.018,2015-10-22T04:56:01.000Z,AO,ftp://ftp.ifremer.fr/ifremer/argo/dac/aoml/5901077/profiles/D5901077_320.nc,
5901076_320,-140.081,49.175,2015-10-22T03:54:25.000Z,AO,ftp://ftp.ifremer.fr/ifremer/argo/dac/aoml/5901076/profiles/D5901076_320.nc,
5901075_320,-153.561,47.11,2015-10-22T01:50:19.000Z,AO,ftp://ftp.ifremer.fr/ifremer/argo/dac/aoml/5901075/profiles/D5901075_320.nc,
4900949_120,-147.917,47.207,2015-10-21T22:48:31.000Z,JA,ftp://ftp.ifremer.fr/ifremer/argo/dac/jma/4900949/profiles/D4900949_120.nc,
4901054_139,-151.896,45.948,2015-10-21T20:41:53.002Z,AO,ftp://ftp.ifremer.fr/ifremer/argo/dac/aoml/4901054/profiles/D4901054_139.nc,
5903743_240,-142.073,50.086,2015-10-21T10:07:40.001Z,AO,ftp://ftp.ifremer.fr/ifremer/argo/dac/aoml/5903743/profiles/D5903743_240.nc,ftp://ftp.ifremer.fr/ifremer/argo/dac/aoml/5903743/profiles/SD5903743_240.nc
4902083_014,-151.163,48.909,2015-10-21T07:16:43.000Z,AO,ftp://ftp.ifremer.fr/ifremer/argo/dac/aoml/4902083/profiles/D4902083_014.nc,
5904106_128,-146.504,47.067,2015-10-21T05:02:21.000Z,AO,ftp://ftp.ifremer.fr/ifremer/argo/dac/aoml/5904106/profiles/D5904106_128.nc,ftp://ftp.ifremer.fr/ifremer/argo/dac/aoml/5904106/profiles/SD5904106_128.nc
4901440_139,-147.047,49.741,2015-10-21T03:47:06.000Z,AO,ftp://ftp.ifremer.fr/ifremer/argo/dac/aoml/4901440/profiles/D4901440_139.nc,
5903714_259,-141.183,51.4,2015-10-20T17:51:35.001Z,AO,ftp://ftp.ifremer.fr/ifremer/argo/dac/aoml/5903714/profiles/D5903714_259.nc,ftp://ftp.ifremer.fr/ifremer/argo/dac/aoml/5903714/profiles/SD5903714_259.nc
5904095_133,-147.049,50.628,2015-10-19T11:41:55.001Z,AO,ftp://ftp.ifremer.fr/ifremer/argo/dac/aoml/5904095/profiles/D5904095_133.nc,ftp://ftp.ifremer.fr/ifremer/argo/dac/aoml/5904095/profiles/SD5904095_133.nc
5901079_311,-144.913,47.493,2015-10-19T04:38:52.000Z,AO,ftp://ftp.ifremer.fr/ifremer/argo/dac/aoml/5901079/profiles/D5901079_311.nc,
5904491_026,-142.492,47.455,2015-10-18T23:55:07.002Z,AO,ftp://ftp.ifremer.fr/ifremer/argo/dac/aoml/5904491/profiles/D5904491_026.nc,
5904125_165,-148.692,51.184,2015-10-18T23:45:03.002Z,AO,ftp://ftp.ifremer.fr/ifremer/argo/dac/aoml/5904125/profiles/D5904125_165.nc,ftp://ftp.ifremer.fr/ifremer/argo/dac/aoml/5904125/profiles/SD5904125_165.nc
4901731_097,-140.36070251464844,51.53739929199219,2015-10-18T06:36:00.000Z,ME,ftp://ftp.ifremer.fr/ifremer/argo/dac/meds/4901731/profiles/D4901731_097.nc,
4901777_010,-153.16409301757812,48.76110076904297,2015-10-17T08:50:00.000Z,ME,ftp://ftp.ifremer.fr/ifremer/argo/dac/meds/4901777/profiles/D4901777_010.nc,
5903743_239,-141.91,50.086,2015-10-16T10:13:35.001Z,AO,ftp://ftp.ifremer.fr/ifremer/argo/dac/aoml/5903743/profiles/D5903743_239.nc,ftp://ftp.ifremer.fr/ifremer/argo/dac/aoml/5903743/profiles/SD5903743_239.nc
4901795_010,-143.00880432128906,48.819698333740234,2015-10-15T11:43:00.000Z,ME,ftp://ftp.ifremer.fr/ifremer/argo/dac/meds/4901795/profiles/D4901795_010.nc,
5903714_258,-141.242,51.414,2015-10-15T11:37:07.001Z,AO,ftp://ftp.ifremer.fr/ifremer/argo/dac/aoml/5903714/profiles/D5903714_258.nc,ftp://ftp.ifremer.fr/ifremer/argo/dac/aoml/5903714/profiles/SD5903714_258.nc
4901774_010,-141.81190490722656,47.83890151977539,2015-10-15T06:05:00.000Z,ME,ftp://ftp.ifremer.fr/ifremer/argo/dac/meds/4901774/profiles/D4901774_010.nc,
5904106_127,-146.555,47.105,2015-10-13T20:19:03.002Z,AO,ftp://ftp.ifremer.fr/ifremer/argo/dac/aoml/5904106/profiles/D5904106_127.nc,ftp://ftp.ifremer.fr/ifremer/argo/dac/aoml/5904106/profiles/SD5904106_127.nc
5904125_164,-148.76,51.111,2015-10-13T17:43:33.001Z,AO,ftp://ftp.ifremer.fr/ifremer/argo/dac/aoml/5904125/profiles/D5904125_164.nc,ftp://ftp.ifremer.fr/ifremer/argo/dac/aoml/5904125/profiles/SD5904125_164.nc
4902253_017,-146.4793,45.4096,2015-10-13T11:07:49.999Z,JA,ftp://ftp.ifremer.fr/ifremer/argo/dac/jma/4902253/profiles/D4902253_017.nc,
4901766_060,-147.38729858398438,51.68840026855469,2015-10-13T08:50:00.000Z,ME,ftp://ftp.ifremer.fr/ifremer/argo/dac/meds/4901766/profiles/D4901766_060.nc,
4901180_118,-142.21817016601562,51.07843780517578,2015-10-12T10:17:59.999Z,ME,ftp://ftp.ifremer.fr/ifremer/argo/dac/meds/4901180/profiles/D4901180_118.nc,
4901188_118,-145.618896484375,47.322200775146484,2015-10-12T10:12:00.000Z,ME,ftp://ftp.ifremer.fr/ifremer/argo/dac/meds/4901188/profiles/D4901188_118.nc,
5901076_319,-140.195,49.277,2015-10-12T03:51:47.000Z,AO,ftp://ftp.ifremer.fr/ifremer/argo/dac/aoml/5901076/profiles/D5901076_319.nc,
5901075_319,-153.596,47.136,2015-10-12T03:04:49.000Z,AO,ftp://ftp.ifremer.fr/ifremer/argo/dac/aoml/5901075/profiles/D5901075_319.nc,
4900949_119,-147.943,47.233,2015-10-11T22:41:22.999Z,JA,ftp://ftp.ifremer.fr/ifremer/argo/dac/jma/4900949/profiles/D4900949_119.nc,
5901077_319,-143.128,46.924,2015-10-11T21:04:03.002Z,AO,ftp://ftp.ifremer.fr/ifremer/argo/dac/aoml/5901077/profiles/D5901077_319.nc,
5904095_132,-147.066,50.63,2015-10-11T15:52:32.001Z,AO,ftp://ftp.ifremer.fr/ifremer/argo/dac/aoml/5904095/profiles/D5904095_132.nc,ftp://ftp.ifremer.fr/ifremer/argo/dac/aoml/5904095/profiles/SD5904095_132.nc
5903743_238,-141.922,50.017,2015-10-11T09:51:18.001Z,AO,ftp://ftp.ifremer.fr/ifremer/argo/dac/aoml/5903743/profiles/D5903743_238.nc,ftp://ftp.ifremer.fr/ifremer/argo/dac/aoml/5903743/profiles/SD5903743_238.nc
4902083_013,-151.206,48.866,2015-10-11T08:38:54.000Z,AO,ftp://ftp.ifremer.fr/ifremer/argo/dac/aoml/4902083/profiles/D4902083_013.nc,
4901732_096,-141.98187255859375,51.78982925415039,2015-10-11T07:17:59.999Z,ME,ftp://ftp.ifremer.fr/ifremer/argo/dac/meds/4901732/profiles/D4901732_096.nc,
4901440_138,-147.248,49.834,2015-10-10T10:55:31.001Z,AO,ftp://ftp.ifremer.fr/ifremer/argo/dac/aoml/4901440/profiles/D4901440_138.nc,
5903714_257,-141.22,51.41,2015-10-10T05:41:17.000Z,AO,ftp://ftp.ifremer.fr/ifremer/argo/dac/aoml/5903714/profiles/D5903714_257.nc,ftp://ftp.ifremer.fr/ifremer/argo/dac/aoml/5903714/profiles/SD5903714_257.nc
5901079_310,-144.765,47.548,2015-10-08T21:36:16.002Z,AO,ftp://ftp.ifremer.fr/ifremer/argo/dac/aoml/5901079/profiles/D5901079_310.nc,
5904491_025,-142.439,47.402,2015-10-08T19:23:08.002Z,AO,ftp://ftp.ifremer.fr/ifremer/argo/dac/aoml/5904491/profiles/D5904491_025.nc,
5904125_163,-148.836,51.036,2015-10-08T12:28:26.001Z,AO,ftp://ftp.ifremer.fr/ifremer/argo/dac/aoml/5904125/profiles/D5904125_163.nc,ftp://ftp.ifremer.fr/ifremer/argo/dac/aoml/5904125/profiles/SD5904125_163.nc
4901731_096,-140.27139282226562,51.4739990234375,2015-10-08T06:36:00.000Z,ME,ftp://ftp.ifremer.fr/ifremer/argo/dac/meds/4901731/profiles/D4901731_096.nc,
4901777_009,-153.26429748535156,48.82460021972656,2015-10-07T08:47:00.000Z,ME,ftp://ftp.ifremer.fr/ifremer/argo/dac/meds/4901777/profiles/D4901777_009.nc,
5904106_126,-146.492,47.133,2015-10-06T13:17:56.001Z,AO,ftp://ftp.ifremer.fr/ifremer/argo/dac/aoml/5904106/profiles/D5904106_126.nc,ftp://ftp.ifremer.fr/ifremer/argo/dac/aoml/5904106/profiles/SD5904106_126.nc
5903743_237,-141.849,50.041,2015-10-06T10:16:39.001Z,AO,ftp://ftp.ifremer.fr/ifremer/argo/dac/aoml/5903743/profiles/D5903743_237.nc,ftp://ftp.ifremer.fr/ifremer/argo/dac/aoml/5903743/profiles/SD5903743_237.nc
4901795_009,-143.2678985595703,48.903499603271484,2015-10-05T11:46:00.000Z,ME,ftp://ftp.ifremer.fr/ifremer/argo/dac/meds/4901795/profiles/D4901795_009.nc,
4901774_009,-141.88800048828125,47.85660171508789,2015-10-05T05:59:00.000Z,ME,ftp://ftp.ifremer.fr/ifremer/argo/dac/meds/4901774/profiles/D4901774_009.nc,
5903714_256,-141.152,51.473,2015-10-05T01:40:57.000Z,AO,ftp://ftp.ifremer.fr/ifremer/argo/dac/aoml/5903714/profiles/D5903714_256.nc,ftp://ftp.ifremer.fr/ifremer/argo/dac/aoml/5903714/profiles/SD5903714_256.nc
5904095_131,-147.053,50.538,2015-10-03T20:08:02.002Z,AO,ftp://ftp.ifremer.fr/ifremer/argo/dac/aoml/5904095/profiles/D5904095_131.nc,ftp://ftp.ifremer.fr/ifremer/argo/dac/aoml/5904095/profiles/SD5904095_131.nc
4902253_016,-146.4681,45.362,2015-10-03T10:16:24.999Z,JA,ftp://ftp.ifremer.fr/ifremer/argo/dac/jma/4902253/profiles/D4902253_016.nc,
4901766_059,-147.3549041748047,51.62889862060547,2015-10-03T08:49:00.000Z,ME,ftp://ftp.ifremer.fr/ifremer/argo/dac/meds/4901766/profiles/D4901766_059.nc,
5904125_162,-148.836,50.961,2015-10-03T08:43:21.000Z,AO,ftp://ftp.ifremer.fr/ifremer/argo/dac/aoml/5904125/profiles/D5904125_162.nc,ftp://ftp.ifremer.fr/ifremer/argo/dac/aoml/5904125/profiles/SD5904125_162.nc
4901180_117,-142.48080444335938,51.05459976196289,2015-10-02T10:36:00.000Z,ME,ftp://ftp.ifremer.fr/ifremer/argo/dac/meds/4901180/profiles/D4901180_117.nc,
4901188_117,-145.50770568847656,47.231998443603516,2015-10-02T10:12:00.000Z,ME,ftp://ftp.ifremer.fr/ifremer/argo/dac/meds/4901188/profiles/D4901188_117.nc,
5901075_318,-153.504,47.119,2015-10-02T03:03:17.000Z,AO,ftp://ftp.ifremer.fr/ifremer/argo/dac/aoml/5901075/profiles/D5901075_318.nc,
4900949_118,-147.77,47.179,2015-10-01T22:42:56.000Z,JA,ftp://ftp.ifremer.fr/ifremer/argo/dac/jma/4900949/profiles/D4900949_118.nc,
5901077_318,-143.463,46.81,2015-10-01T20:27:34.002Z,AO,ftp://ftp.ifremer.fr/ifremer/argo/dac/aoml/5901077/profiles/D5901077_318.nc,
5901076_318,-140.296,49.227,2015-10-01T20:07:36.002Z,AO,ftp://ftp.ifremer.fr/ifremer/argo/dac/aoml/5901076/profiles/D5901076_318.nc,
5903743_236,-141.626,50.029,2015-10-01T09:57:13.001Z,AO,ftp://ftp.ifremer.fr/ifremer/argo/dac/aoml/5903743/profiles/D5903743_236.nc,ftp://ftp.ifremer.fr/ifremer/argo/dac/aoml/5903743/profiles/SD5903743_236.nc
4902083_012,-151.212,48.821,2015-10-01T07:16:11.000Z,AO,ftp://ftp.ifremer.fr/ifremer/argo/dac/aoml/4902083/profiles/D4902083_012.nc,
4901732_095,-141.8300018310547,51.64059829711914,2015-10-01T06:48:00.000Z,ME,ftp://ftp.ifremer.fr/ifremer/argo/dac/meds/4901732/profiles/D4901732_095.nc,
4901440_137,-147.377,49.81,2015-09-29T21:34:18.002Z,AO,ftp://ftp.ifremer.fr/ifremer/argo/dac/aoml/4901440/profiles/D4901440_137.nc,
5903714_255,-141.091,51.502,2015-09-29T19:51:34.002Z,AO,ftp://ftp.ifremer.fr/ifremer/argo/dac/aoml/5903714/profiles/D5903714_255.nc,ftp://ftp.ifremer.fr/ifremer/argo/dac/aoml/5903714/profiles/SD5903714_255.nc
5904106_125,-146.448,47.166,2015-09-29T05:23:57.000Z,AO,ftp://ftp.ifremer.fr/ifremer/argo/dac/aoml/5904106/profiles/D5904106_125.nc,ftp://ftp.ifremer.fr/ifremer/argo/dac/aoml/5904106/profiles/SD5904106_125.nc
5901079_309,-144.597,47.474,2015-09-29T03:27:37.000Z,AO,ftp://ftp.ifremer.fr/ifremer/argo/dac/aoml/5901079/profiles/D5901079_309.nc,
5904491_024,-142.445,47.233,2015-09-28T15:57:50.001Z,AO,ftp://ftp.ifremer.fr/ifremer/argo/dac/aoml/5904491/profiles/D5904491_024.nc,
5904125_161,-148.845,50.959,2015-09-28T02:54:53.000Z,AO,ftp://ftp.ifremer.fr/ifremer/argo/dac/aoml/5904125/profiles/D5904125_161.nc,ftp://ftp.ifremer.fr/ifremer/argo/dac/aoml/5904125/profiles/SD5904125_161.nc
4901777_008,-153.2926025390625,48.84809875488281,2015-09-27T08:47:00.000Z,ME,ftp://ftp.ifremer.fr/ifremer/argo/dac/meds/4901777/profiles/D4901777_008.nc,
5903743_235,-141.559,50.038,2015-09-26T10:00:51.001Z,AO,ftp://ftp.ifremer.fr/ifremer/argo/dac/aoml/5903743/profiles/D5903743_235.nc,ftp://ftp.ifremer.fr/ifremer/argo/dac/aoml/5903743/profiles/SD5903743_235.nc
5904095_130,-146.976,50.508,2015-09-25T21:39:14.002Z,AO,ftp://ftp.ifremer.fr/ifremer/argo/dac/aoml/5904095/profiles/D5904095_130.nc,ftp://ftp.ifremer.fr/ifremer/argo/dac/aoml/5904095/profiles/SD5904095_130.nc
4901795_008,-143.55299377441406,48.84429931640625,2015-09-25T11:47:00.000Z,ME,ftp://ftp.ifremer.fr/ifremer/argo/dac/meds/4901795/profiles/D4901795_008.nc,
4901774_008,-141.82269287109375,47.81650161743164,2015-09-25T06:01:00.000Z,ME,ftp://ftp.ifremer.fr/ifremer/argo/dac/meds/4901774/profiles/D4901774_008.nc,
5903714_254,-141.05340583556966,51.49047112290803,2015-09-24T13:42:39.001Z,AO,ftp://ftp.ifremer.fr/ifremer/argo/dac/aoml/5903714/profiles/D5903714_254.nc,ftp://ftp.ifremer.fr/ifremer/argo/dac/aoml/5903714/profiles/SD5903714_254.nc
4902253_015,-146.3793,45.3331,2015-09-23T11:00:29.000Z,JA,ftp://ftp.ifremer.fr/ifremer/argo/dac/jma/4902253/profiles/D4902253_015.nc,
4901766_058,-147.27699279785156,51.608001708984375,2015-09-23T08:50:00.000Z,ME,ftp://ftp.ifremer.fr/ifremer/argo/dac/meds/4901766/profiles/D4901766_058.nc,
5904125_160,-148.884,50.976,2015-09-22T22:10:07.002Z,AO,ftp://ftp.ifremer.fr/ifremer/argo/dac/aoml/5904125/profiles/D5904125_160.nc,ftp://ftp.ifremer.fr/ifremer/argo/dac/aoml/5904125/profiles/SD5904125_160.nc
4901180_116,-142.81170654296875,50.85060119628906,2015-09-22T10:30:00.000Z,ME,ftp://ftp.ifremer.fr/ifremer/argo/dac/meds/4901180/profiles/D4901180_116.nc,
4901188_116,-145.5612030029297,47.21659851074219,2015-09-22T10:17:59.999Z,ME,ftp://ftp.ifremer.fr/ifremer/argo/dac/meds/4901188/profiles/D4901188_116.nc,
5901075_317,-153.46,47.093,2015-09-22T06:13:53.000Z,AO,ftp://ftp.ifremer.fr/ifremer/argo/dac/aoml/5901075/profiles/D5901075_317.nc,
5901076_317,-140.394,49.257,2015-09-22T00:59:24.000Z,AO,ftp://ftp.ifremer.fr/ifremer/argo/dac/aoml/5901076/profiles/D5901076_317.nc,
4900949_117,-147.88,47.221,2015-09-21T22:52:03.999Z,JA,ftp://ftp.ifremer.fr/ifremer/argo/dac/jma/4900949/profiles/D4900949_117.nc,
5901077_317,-143.856,46.912,2015-09-21T21:23:22.002Z,AO,ftp://ftp.ifremer.fr/ifremer/argo/dac/aoml/5901077/profiles/D5901077_317.nc,
5904106_124,-146.469,47.217,2015-09-21T20:42:49.002Z,AO,ftp://ftp.ifremer.fr/ifremer/argo/dac/aoml/5904106/profiles/D5904106_124.nc,ftp://ftp.ifremer.fr/ifremer/argo/dac/aoml/5904106/profiles/SD5904106_124.nc
5903743_234,-141.524,49.993,2015-09-21T09:48:01.001Z,AO,ftp://ftp.ifremer.fr/ifremer/argo/dac/aoml/5903743/profiles/D5903743_234.nc,ftp://ftp.ifremer.fr/ifremer/argo/dac/aoml/5903743/profiles/SD5903743_234.nc
4902083_011,-151.248,48.798,2015-09-21T08:32:29.000Z,AO,ftp://ftp.ifremer.fr/ifremer/argo/dac/aoml/4902083/profiles/D4902083_011.nc,
4901732_094,-141.81820678710938,51.47380065917969,2015-09-21T07:24:00.000Z,ME,ftp://ftp.ifremer.fr/ifremer/argo/dac/meds/4901732/profiles/D4901732_094.nc,
5903714_253,-141.016,51.479,2015-09-19T08:11:39.000Z,AO,ftp://ftp.ifremer.fr/ifremer/argo/dac/aoml/5903714/profiles/D5903714_253.nc,ftp://ftp.ifremer.fr/ifremer/argo/dac/aoml/5903714/profiles/SD5903714_253.nc
5901079_308,-144.519,47.434,2015-09-19T04:43:30.000Z,AO,ftp://ftp.ifremer.fr/ifremer/argo/dac/aoml/5901079/profiles/D5901079_308.nc,
4901440_136,-147.464,49.869,2015-09-19T04:11:44.000Z,AO,ftp://ftp.ifremer.fr/ifremer/argo/dac/aoml/4901440/profiles/D4901440_136.nc,
5904491_023,-142.514,47.13,2015-09-18T11:33:52.001Z,AO,ftp://ftp.ifremer.fr/ifremer/argo/dac/aoml/5904491/profiles/D5904491_023.nc,
5904095_129,-146.926,50.487,2015-09-18T01:22:31.000Z,AO,ftp://ftp.ifremer.fr/ifremer/argo/dac/aoml/5904095/profiles/D5904095_129.nc,ftp://ftp.ifremer.fr/ifremer/argo/dac/aoml/5904095/profiles/SD5904095_129.nc
5904125_159,-148.926,50.985,2015-09-17T17:23:21.001Z,AO,ftp://ftp.ifremer.fr/ifremer/argo/dac/aoml/5904125/profiles/D5904125_159.nc,ftp://ftp.ifremer.fr/ifremer/argo/dac/aoml/5904125/profiles/SD5904125_159.nc
4901777_007,-153.2924041748047,48.89910125732422,2015-09-17T08:51:00.000Z,ME,ftp://ftp.ifremer.fr/ifremer/argo/dac/meds/4901777/profiles/D4901777_007.nc,
5903743_233,-141.475,49.984,2015-09-16T10:05:09.001Z,AO,ftp://ftp.ifremer.fr/ifremer/argo/dac/aoml/5903743/profiles/D5903743_233.nc,ftp://ftp.ifremer.fr/ifremer/argo/dac/aoml/5903743/profiles/SD5903743_233.nc
4901795_007,-143.8455047607422,48.76110076904297,2015-09-15T11:39:59.999Z,ME,ftp://ftp.ifremer.fr/ifremer/argo/dac/meds/4901795/profiles/D4901795_007.nc,
4901774_007,-141.78160095214844,47.7942008972168,2015-09-15T06:05:00.000Z,ME,ftp://ftp.ifremer.fr/ifremer/argo/dac/meds/4901774/profiles/D4901774_007.nc,
5904106_123,-146.405,47.249,2015-09-14T13:58:10.001Z,AO,ftp://ftp.ifremer.fr/ifremer/argo/dac/aoml/5904106/profiles/D5904106_123.nc,ftp://ftp.ifremer.fr/ifremer/argo/dac/aoml/5904106/profiles/SD5904106_123.nc
5903714_252,-140.939,51.47,2015-09-14T02:28:53.000Z,AO,ftp://ftp.ifremer.fr/ifremer/argo/dac/aoml/5903714/profiles/D5903714_252.nc,ftp://ftp.ifremer.fr/ifremer/argo/dac/aoml/5903714/profiles/SD5903714_252.nc
4902253_014,-146.3519,45.2919,2015-09-13T10:36:17.000Z,JA,ftp://ftp.ifremer.fr/ifremer/argo/dac/jma/4902253/profiles/D4902253_014.nc,
4901766_057,-147.2825927734375,51.59159851074219,2015-09-13T08:51:00.000Z,ME,ftp://ftp.ifremer.fr/ifremer/argo/dac/meds/4901766/profiles/D4901766_057.nc,
5904125_158,-148.926,50.988,2015-09-12T12:16:18.001Z,AO,ftp://ftp.ifremer.fr/ifremer/argo/dac/aoml/5904125/profiles/D5904125_158.nc,ftp://ftp.ifremer.fr/ifremer/argo/dac/aoml/5904125/profiles/SD5904125_158.nc
4901180_115,-143.09390258789062,50.767601013183594,2015-09-12T10:24:00.000Z,ME,ftp://ftp.ifremer.fr/ifremer/argo/dac/meds/4901180/profiles/D4901180_115.nc,
4901188_115,-145.56959533691406,47.257198333740234,2015-09-12T10:24:00.000Z,ME,ftp://ftp.ifremer.fr/ifremer/argo/dac/meds/4901188/profiles/D4901188_115.nc,
5901077_316,-144.015,47.1,2015-09-12T03:46:03.000Z,AO,ftp://ftp.ifremer.fr/ifremer/argo/dac/aoml/5901077/profiles/D5901077_316.nc,
5901075_316,-153.368,47.081,2015-09-12T03:08:49.000Z,AO,ftp://ftp.ifremer.fr/ifremer/argo/dac/aoml/5901075/profiles/D5901075_316.nc,
5901076_316,-140.541,49.219,2015-09-12T02:33:45.000Z,AO,ftp://ftp.ifremer.fr/ifremer/argo/dac/aoml/5901076/profiles/D5901076_316.nc,
4900949_116,-147.908,47.168,2015-09-11T22:50:46.000Z,JA,ftp://ftp.ifremer.fr/ifremer/argo/dac/jma/4900949/profiles/D4900949_116.nc,
5903743_232,-141.388,50.005,2015-09-11T10:03:26.001Z,AO,ftp://ftp.ifremer.fr/ifremer/argo/dac/aoml/5903743/profiles/D5903743_232.nc,ftp://ftp.ifremer.fr/ifremer/argo/dac/aoml/5903743/profiles/SD5903743_232.nc
4901732_093,-141.79339599609375,51.382301330566406,2015-09-11T07:24:00.000Z,ME,ftp://ftp.ifremer.fr/ifremer/argo/dac/meds/4901732/profiles/D4901732_093.nc,
4902083_010,-151.279,48.769,2015-09-11T07:12:21.000Z,AO,ftp://ftp.ifremer.fr/ifremer/argo/dac/aoml/4902083/profiles/D4902083_010.nc,
5904095_128,-146.822,50.453,2015-09-10T06:48:53.000Z,AO,ftp://ftp.ifremer.fr/ifremer/argo/dac/aoml/5904095/profiles/D5904095_128.nc,ftp://ftp.ifremer.fr/ifremer/argo/dac/aoml/5904095/profiles/SD5904095_128.nc
5901079_307,-144.46,47.439,2015-09-09T04:43:36.000Z,AO,ftp://ftp.ifremer.fr/ifremer/argo/dac/aoml/5901079/profiles/D5901079_307.nc,
5903714_251,-140.856,51.493,2015-09-08T20:29:24.002Z,AO,ftp://ftp.ifremer.fr/ifremer/argo/dac/aoml/5903714/profiles/D5903714_251.nc,ftp://ftp.ifremer.fr/ifremer/argo/dac/aoml/5903714/profiles/SD5903714_251.nc
4901440_135,-147.622,49.889,2015-09-08T15:47:11.001Z,AO,ftp://ftp.ifremer.fr/ifremer/argo/dac/aoml/4901440/profiles/D4901440_135.nc,
5904491_022,-142.699,47.068,2015-09-08T07:57:54.000Z,AO,ftp://ftp.ifremer.fr/ifremer/argo/dac/aoml/5904491/profiles/D5904491_022.nc,
4901777_006,-153.4075927734375,48.89569854736328,2015-09-07T08:50:00.000Z,ME,ftp://ftp.ifremer.fr/ifremer/argo/dac/meds/4901777/profiles/D4901777_006.nc,
5904125_157,-148.901,50.984,2015-09-07T07:27:29.000Z,AO,ftp://ftp.ifremer.fr/ifremer/argo/dac/aoml/5904125/profiles/D5904125_157.nc,ftp://ftp.ifremer.fr/ifremer/argo/dac/aoml/5904125/profiles/SD5904125_157.nc
5904106_122,-146.329,47.306,2015-09-07T06:28:14.000Z,AO,ftp://ftp.ifremer.fr/ifremer/argo/dac/aoml/5904106/profiles/D5904106_122.nc,ftp://ftp.ifremer.fr/ifremer/argo/dac/aoml/5904106/profiles/SD5904106_122.nc
5903743_231,-141.361,49.998,2015-09-06T10:11:10.001Z,AO,ftp://ftp.ifremer.fr/ifremer/argo/dac/aoml/5903743/profiles/D5903743_231.nc,ftp://ftp.ifremer.fr/ifremer/argo/dac/aoml/5903743/profiles/SD5903743_231.nc
4901795_006,-144.07919311523438,48.59109878540039,2015-09-05T11:49:00.000Z,ME,ftp://ftp.ifremer.fr/ifremer/argo/dac/meds/4901795/profiles/D4901795_006.nc,
4901774_006,-141.673095703125,47.757301330566406,2015-09-05T06:08:00.000Z,ME,ftp://ftp.ifremer.fr/ifremer/argo/dac/meds/4901774/profiles/D4901774_006.nc,
5903714_250,-140.782,51.515,2015-09-03T15:42:47.001Z,AO,ftp://ftp.ifremer.fr/ifremer/argo/dac/aoml/5903714/profiles/D5903714_250.nc,ftp://ftp.ifremer.fr/ifremer/argo/dac/aoml/5903714/profiles/SD5903714_250.nc
4902253_013,-146.2984,45.2235,2015-09-03T10:00:04.999Z,JA,ftp://ftp.ifremer.fr/ifremer/argo/dac/jma/4902253/profiles/D4902253_013.nc,
4901766_056,-147.2888946533203,51.55780029296875,2015-09-03T08:52:00.000Z,ME,ftp://ftp.ifremer.fr/ifremer/argo/dac/meds/4901766/profiles/D4901766_056.nc,
5904095_127,-146.674,50.411,2015-09-02T11:37:48.001Z,AO,ftp://ftp.ifremer.fr/ifremer/argo/dac/aoml/5904095/profiles/D5904095_127.nc,ftp://ftp.ifremer.fr/ifremer/argo/dac/aoml/5904095/profiles/SD5904095_127.nc
4901180_114,-143.3572998046875,50.793399810791016,2015-09-02T10:24:00.000Z,ME,ftp://ftp.ifremer.fr/ifremer/argo/dac/meds/4901180/profiles/D4901180_114.nc,
4901188_114,-145.60699462890625,47.2958984375,2015-09-02T10:17:59.999Z,ME,ftp://ftp.ifremer.fr/ifremer/argo/dac/meds/4901188/profiles/D4901188_114.nc,
5901077_315,-144.018,47.284,2015-09-02T04:55:47.000Z,AO,ftp://ftp.ifremer.fr/ifremer/argo/dac/aoml/5901077/profiles/D5901077_315.nc,
5901076_315,-140.739,49.164,2015-09-02T04:00:29.000Z,AO,ftp://ftp.ifremer.fr/ifremer/argo/dac/aoml/5901076/profiles/D5901076_315.nc,
5901075_315,-153.4,47.114,2015-09-02T03:07:59.000Z,AO,ftp://ftp.ifremer.fr/ifremer/argo/dac/aoml/5901075/profiles/D5901075_315.nc,
5904125_156,-148.847,51.013,2015-09-02T03:02:09.000Z,AO,ftp://ftp.ifremer.fr/ifremer/argo/dac/aoml/5904125/profiles/D5904125_156.nc,ftp://ftp.ifremer.fr/ifremer/argo/dac/aoml/5904125/profiles/SD5904125_156.nc
4900949_115,-147.907,47.131,2015-09-01T22:36:03.000Z,JA,ftp://ftp.ifremer.fr/ifremer/argo/dac/jma/4900949/profiles/D4900949_115.nc,
5903743_230,-141.299,50.016,2015-09-01T10:10:08.001Z,AO,ftp://ftp.ifremer.fr/ifremer/argo/dac/aoml/5903743/profiles/D5903743_230.nc,ftp://ftp.ifremer.fr/ifremer/argo/dac/aoml/5903743/profiles/SD5903743_230.nc
4902083_009,-151.349,48.775,2015-09-01T08:30:28.000Z,AO,ftp://ftp.ifremer.fr/ifremer/argo/dac/aoml/4902083/profiles/D4902083_009.nc,
4901732_092,-141.7642822265625,51.35764694213867,2015-09-01T06:48:00.000Z,ME,ftp://ftp.ifremer.fr/ifremer/argo/dac/meds/4901732/profiles/D4901732_092.nc,
5904106_121,-146.313,47.384,2015-08-30T22:02:05.002Z,AO,ftp://ftp.ifremer.fr/ifremer/argo/dac/aoml/5904106/profiles/D5904106_121.nc,ftp://ftp.ifremer.fr/ifremer/argo/dac/aoml/5904106/profiles/SD5904106_121.nc
5901079_306,-144.582,47.504,2015-08-30T04:46:29.000Z,AO,ftp://ftp.ifremer.fr/ifremer/argo/dac/aoml/5901079/profiles/D5901079_306.nc,
5903714_249,-140.772,51.577,2015-08-29T09:45:45.001Z,AO,ftp://ftp.ifremer.fr/ifremer/argo/dac/aoml/5903714/profiles/D5903714_249.nc,ftp://ftp.ifremer.fr/ifremer/argo/dac/aoml/5903714/profiles/SD5903714_249.nc
5904491_021,-142.96,47.117,2015-08-29T03:26:35.000Z,AO,ftp://ftp.ifremer.fr/ifremer/argo/dac/aoml/5904491/profiles/D5904491_021.nc,
4901440_134,-147.765,49.998,2015-08-28T22:02:56.002Z,AO,ftp://ftp.ifremer.fr/ifremer/argo/dac/aoml/4901440/profiles/D4901440_134.nc,
4901777_005,-153.44659423828125,48.864200592041016,2015-08-28T08:51:00.000Z,ME,ftp://ftp.ifremer.fr/ifremer/argo/dac/meds/4901777/profiles/D4901777_005.nc,
5904125_155,-148.825,51.028,2015-08-27T21:43:07.002Z,AO,ftp://ftp.ifremer.fr/ifremer/argo/dac/aoml/5904125/profiles/D5904125_155.nc,ftp://ftp.ifremer.fr/ifremer/argo/dac/aoml/5904125/profiles/SD5904125_155.nc
5903743_229,-141.246,50.014,2015-08-27T09:57:12.001Z,AO,ftp://ftp.ifremer.fr/ifremer/argo/dac/aoml/5903743/profiles/D5903743_229.nc,ftp://ftp.ifremer.fr/ifremer/argo/dac/aoml/5903743/profiles/SD5903743_229.nc
4901795_005,-144.2794952392578,48.415401458740234,2015-08-26T11:52:00.000Z,ME,ftp://ftp.ifremer.fr/ifremer/argo/dac/meds/4901795/profiles/D4901795_005.nc,
4901774_005,-141.61399841308594,47.74570083618164,2015-08-26T06:07:00.000Z,ME,ftp://ftp.ifremer.fr/ifremer/argo/dac/meds/4901774/profiles/D4901774_005.nc,
5904095_126,-146.504,50.39,2015-08-25T16:57:39.001Z,AO,ftp://ftp.ifremer.fr/ifremer/argo/dac/aoml/5904095/profiles/D5904095_126.nc,ftp://ftp.ifremer.fr/ifremer/argo/dac/aoml/5904095/profiles/SD5904095_126.nc
4902253_012,-146.209,45.1225,2015-08-24T09:56:12.000Z,JA,ftp://ftp.ifremer.fr/ifremer/argo/dac/jma/4902253/profiles/D4902253_012.nc,
4901766_055,-147.34730529785156,51.509700775146484,2015-08-24T08:57:00.000Z,ME,ftp://ftp.ifremer.fr/ifremer/argo/dac/meds/4901766/profiles/D4901766_055.nc,
5903714_248,-140.78,51.538,2015-08-24T04:22:25.000Z,AO,ftp://ftp.ifremer.fr/ifremer/argo/dac/aoml/5903714/profiles/D5903714_248.nc,ftp://ftp.ifremer.fr/ifremer/argo/dac/aoml/5903714/profiles/SD5903714_248.nc
5904106_120,-146.274,47.454,2015-08-23T14:19:31.001Z,AO,ftp://ftp.ifremer.fr/ifremer/argo/dac/aoml/5904106/profiles/D5904106_120.nc,ftp://ftp.ifremer.fr/ifremer/argo/dac/aoml/5904106/profiles/SD5904106_120.nc
4901188_113,-145.61720275878906,47.3306999206543,2015-08-23T10:24:00.000Z,ME,ftp://ftp.ifremer.fr/ifremer/argo/dac/meds/4901188/profiles/D4901188_113.nc,
4901180_113,-143.52699279785156,50.813499450683594,2015-08-23T09:48:00.000Z,ME,ftp://ftp.ifremer.fr/ifremer/argo/dac/meds/4901180/profiles/D4901180_113.nc,
5901077_314,-144.061,47.429,2015-08-23T04:57:20.000Z,AO,ftp://ftp.ifremer.fr/ifremer/argo/dac/aoml/5901077/profiles/D5901077_314.nc,
5901076_314,-140.946,49.147,2015-08-23T03:57:49.000Z,AO,ftp://ftp.ifremer.fr/ifremer/argo/dac/aoml/5901076/profiles/D5901076_314.nc,
5901075_314,-153.375,47.172,2015-08-23T03:07:27.000Z,AO,ftp://ftp.ifremer.fr/ifremer/argo/dac/aoml/5901075/profiles/D5901075_314.nc,
4900949_114,-147.907,47.062,2015-08-22T22:38:25.999Z,JA,ftp://ftp.ifremer.fr/ifremer/argo/dac/jma/4900949/profiles/D4900949_114.nc,
5904125_154,-148.846,51.026,2015-08-22T16:58:57.001Z,AO,ftp://ftp.ifremer.fr/ifremer/argo/dac/aoml/5904125/profiles/D5904125_154.nc,ftp://ftp.ifremer.fr/ifremer/argo/dac/aoml/5904125/profiles/SD5904125_154.nc
5903743_228,-141.188,50.014,2015-08-22T09:50:02.001Z,AO,ftp://ftp.ifremer.fr/ifremer/argo/dac/aoml/5903743/profiles/D5903743_228.nc,ftp://ftp.ifremer.fr/ifremer/argo/dac/aoml/5903743/profiles/SD5903743_228.nc
4902083_008,-151.395,48.759,2015-08-22T07:27:24.000Z,AO,ftp://ftp.ifremer.fr/ifremer/argo/dac/aoml/4902083/profiles/D4902083_008.nc,
4901732_091,-141.66000366210938,51.24642562866211,2015-08-22T07:24:00.000Z,ME,ftp://ftp.ifremer.fr/ifremer/argo/dac/meds/4901732/profiles/D4901732_091.nc,
5901079_305,-144.759,47.458,2015-08-20T07:36:36.000Z,AO,ftp://ftp.ifremer.fr/ifremer/argo/dac/aoml/5901079/profiles/D5901079_305.nc,
5904491_020,-143.027,47.177,2015-08-18T23:55:56.994Z,AO,ftp://ftp.ifremer.fr/ifremer/argo/dac/aoml/5904491/profiles/D5904491_020.nc,
5903714_247,-140.771,51.492,2015-08-18T22:12:07.998Z,AO,ftp://ftp.ifremer.fr/ifremer/argo/dac/aoml/5903714/profiles/D5903714_247.nc,ftp://ftp.ifremer.fr/ifremer/argo/dac/aoml/5903714/profiles/SD5903714_247.nc
4901440_133,-147.837,50.018,2015-08-18T09:37:50.997Z,AO,ftp://ftp.ifremer.fr/ifremer/argo/dac/aoml/4901440/profiles/D4901440_133.nc,
4901777_004,-153.4783935546875,48.85329818725586,2015-08-18T08:58:00.000Z,ME,ftp://ftp.ifremer.fr/ifremer/argo/dac/meds/4901777/profiles/D4901777_004.nc,
5904095_125,-146.396,50.429,2015-08-17T22:25:00.002Z,AO,ftp://ftp.ifremer.fr/ifremer/argo/dac/aoml/5904095/profiles/D5904095_125.nc,ftp://ftp.ifremer.fr/ifremer/argo/dac/aoml/5904095/profiles/SD5904095_125.nc
5904125_153,-148.866,51.017,2015-08-17T12:33:43.001Z,AO,ftp://ftp.ifremer.fr/ifremer/argo/dac/aoml/5904125/profiles/D5904125_153.nc,ftp://ftp.ifremer.fr/ifremer/argo/dac/aoml/5904125/profiles/SD5904125_153.nc
5903743_227,-141.149,50.042,2015-08-17T09:59:32.001Z,AO,ftp://ftp.ifremer.fr/ifremer/argo/dac/aoml/5903743/profiles/D5903743_227.nc,ftp://ftp.ifremer.fr/ifremer/argo/dac/aoml/5903743/profiles/SD5903743_227.nc
4901795_004,-144.38099670410156,48.26599884033203,2015-08-16T11:37:00.000Z,ME,ftp://ftp.ifremer.fr/ifremer/argo/dac/meds/4901795/profiles/D4901795_004.nc,
5904106_119,-146.22,47.53,2015-08-16T07:34:07.000Z,AO,ftp://ftp.ifremer.fr/ifremer/argo/dac/aoml/5904106/profiles/D5904106_119.nc,ftp://ftp.ifremer.fr/ifremer/argo/dac/aoml/5904106/profiles/SD5904106_119.nc
4901774_004,-141.59649658203125,47.70690155029297,2015-08-16T06:01:00.000Z,ME,ftp://ftp.ifremer.fr/ifremer/argo/dac/meds/4901774/profiles/D4901774_004.nc,
4902253_011,-146.107,45.0337,2015-08-14T09:44:16.999Z,JA,ftp://ftp.ifremer.fr/ifremer/argo/dac/jma/4902253/profiles/D4902253_011.nc,
4901766_054,-147.37359619140625,51.51279830932617,2015-08-14T08:55:00.000Z,ME,ftp://ftp.ifremer.fr/ifremer/argo/dac/meds/4901766/profiles/D4901766_054.nc,
5903714_246,-140.709,51.447,2015-08-13T18:04:01.996Z,AO,ftp://ftp.ifremer.fr/ifremer/argo/dac/aoml/5903714/profiles/D5903714_246.nc,ftp://ftp.ifremer.fr/ifremer/argo/dac/aoml/5903714/profiles/SD5903714_246.nc
4901180_112,-143.75979614257812,50.756500244140625,2015-08-13T10:24:00.000Z,ME,ftp://ftp.ifremer.fr/ifremer/argo/dac/meds/4901180/profiles/D4901180_112.nc,
4901188_112,-145.6230926513672,47.3932991027832,2015-08-13T10:17:59.999Z,ME,ftp://ftp.ifremer.fr/ifremer/argo/dac/meds/4901188/profiles/D4901188_112.nc,
5901077_313,-144.102,47.48,2015-08-13T03:50:38.000Z,AO,ftp://ftp.ifremer.fr/ifremer/argo/dac/aoml/5901077/profiles/D5901077_313.nc,
5901075_313,-153.404,47.176,2015-08-13T01:50:45.000Z,AO,ftp://ftp.ifremer.fr/ifremer/argo/dac/aoml/5901075/profiles/D5901075_313.nc,
4900949_113,-147.944,46.994,2015-08-12T22:46:23.000Z,JA,ftp://ftp.ifremer.fr/ifremer/argo/dac/jma/4900949/profiles/D4900949_113.nc,
5901076_313,-141.047,49.091,2015-08-12T20:26:14.002Z,AO,ftp://ftp.ifremer.fr/ifremer/argo/dac/aoml/5901076/profiles/D5901076_313.nc,
5903743_226,-141.204,50.092,2015-08-12T10:04:50.001Z,AO,ftp://ftp.ifremer.fr/ifremer/argo/dac/aoml/5903743/profiles/D5903743_226.nc,ftp://ftp.ifremer.fr/ifremer/argo/dac/aoml/5903743/profiles/SD5903743_226.nc
4902083_007,-151.429,48.785,2015-08-12T08:30:14.001Z,AO,ftp://ftp.ifremer.fr/ifremer/argo/dac/aoml/4902083/profiles/D4902083_007.nc,
4901732_090,-141.63319396972656,51.08660125732422,2015-08-12T07:30:00.000Z,ME,ftp://ftp.ifremer.fr/ifremer/argo/dac/meds/4901732/profiles/D4901732_090.nc,
5904125_152,-148.92,51.042,2015-08-12T07:20:10.999Z,AO,ftp://ftp.ifremer.fr/ifremer/argo/dac/aoml/5904125/profiles/D5904125_152.nc,ftp://ftp.ifremer.fr/ifremer/argo/dac/aoml/5904125/profiles/SD5904125_152.nc
5901079_304,-144.86,47.374,2015-08-10T04:11:25.000Z,AO,ftp://ftp.ifremer.fr/ifremer/argo/dac/aoml/5901079/profiles/D5901079_304.nc,
5904095_124,-146.334,50.477,2015-08-10T02:09:10.000Z,AO,ftp://ftp.ifremer.fr/ifremer/argo/dac/aoml/5904095/profiles/D5904095_124.nc,ftp://ftp.ifremer.fr/ifremer/argo/dac/aoml/5904095/profiles/SD5904095_124.nc
5904106_118,-146.203,47.584,2015-08-09T00:49:38.000Z,AO,ftp://ftp.ifremer.fr/ifremer/argo/dac/aoml/5904106/profiles/D5904106_118.nc,ftp://ftp.ifremer.fr/ifremer/argo/dac/aoml/5904106/profiles/SD5904106_118.nc
5904491_019,-143.042,47.231,2015-08-08T19:43:18.997Z,AO,ftp://ftp.ifremer.fr/ifremer/argo/dac/aoml/5904491/profiles/D5904491_019.nc,
5903714_245,-140.625,51.403,2015-08-08T13:13:54.003Z,AO,ftp://ftp.ifremer.fr/ifremer/argo/dac/aoml/5903714/profiles/D5903714_245.nc,ftp://ftp.ifremer.fr/ifremer/argo/dac/aoml/5903714/profiles/SD5903714_245.nc
4901777_003,-153.5653076171875,48.779701232910156,2015-08-08T08:55:00.000Z,ME,ftp://ftp.ifremer.fr/ifremer/argo/dac/meds/4901777/profiles/D4901777_003.nc,
4901440_132,-147.848,50.068,2015-08-07T15:55:03.999Z,AO,ftp://ftp.ifremer.fr/ifremer/argo/dac/aoml/4901440/profiles/D4901440_132.nc,
5903743_225,-141.385,50.177,2015-08-07T10:15:15.001Z,AO,ftp://ftp.ifremer.fr/ifremer/argo/dac/aoml/5903743/profiles/D5903743_225.nc,ftp://ftp.ifremer.fr/ifremer/argo/dac/aoml/5903743/profiles/SD5903743_225.nc
5904125_151,-148.929,51.09,2015-08-07T01:50:19.000Z,AO,ftp://ftp.ifremer.fr/ifremer/argo/dac/aoml/5904125/profiles/D5904125_151.nc,ftp://ftp.ifremer.fr/ifremer/argo/dac/aoml/5904125/profiles/SD5904125_151.nc
4901795_003,-144.3560028076172,48.11819839477539,2015-08-06T11:43:00.000Z,ME,ftp://ftp.ifremer.fr/ifremer/argo/dac/meds/4901795/profiles/D4901795_003.nc,
4901774_003,-141.5865936279297,47.658199310302734,2015-08-06T06:02:00.000Z,ME,ftp://ftp.ifremer.fr/ifremer/argo/dac/meds/4901774/profiles/D4901774_003.nc,
4902253_010,-146.0065,44.9719,2015-08-04T11:14:44.000Z,JA,ftp://ftp.ifremer.fr/ifremer/argo/dac/jma/4902253/profiles/D4902253_010.nc,
4901766_053,-147.3759002685547,51.46699905395508,2015-08-04T08:44:00.000Z,ME,ftp://ftp.ifremer.fr/ifremer/argo/dac/meds/4901766/profiles/D4901766_053.nc,
4901180_111,-143.9409942626953,50.73889923095703,2015-08-03T10:30:00.000Z,ME,ftp://ftp.ifremer.fr/ifremer/argo/dac/meds/4901180/profiles/D4901180_111.nc,
4901188_111,-145.66940307617188,47.481998443603516,2015-08-03T10:17:59.999Z,ME,ftp://ftp.ifremer.fr/ifremer/argo/dac/meds/4901188/profiles/D4901188_111.nc,
5903714_244,-140.5,51.38,2015-08-03T08:48:25.999Z,AO,ftp://ftp.ifremer.fr/ifremer/argo/dac/aoml/5903714/profiles/D5903714_244.nc,ftp://ftp.ifremer.fr/ifremer/argo/dac/aoml/5903714/profiles/SD5903714_244.nc
5901077_312,-144.237,47.519,2015-08-03T05:00:55.000Z,AO,ftp://ftp.ifremer.fr/ifremer/argo/dac/aoml/5901077/profiles/D5901077_312.nc,
5901076_312,-141.114,48.99,2015-08-03T03:59:56.000Z,AO,ftp://ftp.ifremer.fr/ifremer/argo/dac/aoml/5901076/profiles/D5901076_312.nc,
5901075_312,-153.511,47.105,2015-08-03T03:03:15.000Z,AO,ftp://ftp.ifremer.fr/ifremer/argo/dac/aoml/5901075/profiles/D5901075_312.nc,
4900949_112,-148.028,46.954,2015-08-02T22:35:14.999Z,JA,ftp://ftp.ifremer.fr/ifremer/argo/dac/jma/4900949/profiles/D4900949_112.nc,
5903743_224,-141.488,50.209,2015-08-02T09:51:43.001Z,AO,ftp://ftp.ifremer.fr/ifremer/argo/dac/aoml/5903743/profiles/D5903743_224.nc,ftp://ftp.ifremer.fr/ifremer/argo/dac/aoml/5903743/profiles/SD5903743_224.nc
4901732_089,-141.7819061279297,50.928199768066406,2015-08-02T07:30:00.000Z,ME,ftp://ftp.ifremer.fr/ifremer/argo/dac/meds/4901732/profiles/D4901732_089.nc,
5904095_123,-146.361,50.474,2015-08-02T07:26:47.000Z,AO,ftp://ftp.ifremer.fr/ifremer/argo/dac/aoml/5904095/profiles/D5904095_123.nc,ftp://ftp.ifremer.fr/ifremer/argo/dac/aoml/5904095/profiles/SD5904095_123.nc
4902083_006,-151.531,48.786,2015-08-02T07:05:09.998Z,AO,ftp://ftp.ifremer.fr/ifremer/argo/dac/aoml/4902083/profiles/D4902083_006.nc,
5904125_150,-148.888,51.104,2015-08-01T21:50:10.998Z,AO,ftp://ftp.ifremer.fr/ifremer/argo/dac/aoml/5904125/profiles/D5904125_150.nc,ftp://ftp.ifremer.fr/ifremer/argo/dac/aoml/5904125/profiles/SD5904125_150.nc
5904106_117,-146.179,47.668,2015-08-01T17:11:29.001Z,AO,ftp://ftp.ifremer.fr/ifremer/argo/dac/aoml/5904106/profiles/D5904106_117.nc,ftp://ftp.ifremer.fr/ifremer/argo/dac/aoml/5904106/profiles/SD5904106_117.nc
5901079_303,-145.058,47.241,2015-07-31T04:34:15.000Z,AO,ftp://ftp.ifremer.fr/ifremer/argo/dac/aoml/5901079/profiles/D5901079_303.nc,
5904491_018,-143.092,47.298,2015-07-29T15:59:20.002Z,AO,ftp://ftp.ifremer.fr/ifremer/argo/dac/aoml/5904491/profiles/D5904491_018.nc,
4901777_002,-153.64669799804688,48.70880126953125,2015-07-29T08:55:59.999Z,ME,ftp://ftp.ifremer.fr/ifremer/argo/dac/meds/4901777/profiles/D4901777_002.nc,
5903714_243,-140.393,51.35,2015-07-29T04:24:15.000Z,AO,ftp://ftp.ifremer.fr/ifremer/argo/dac/aoml/5903714/profiles/D5903714_243.nc,ftp://ftp.ifremer.fr/ifremer/argo/dac/aoml/5903714/profiles/SD5903714_243.nc
5903743_223,-141.553,50.204,2015-07-28T10:08:42.001Z,AO,ftp://ftp.ifremer.fr/ifremer/argo/dac/aoml/5903743/profiles/D5903743_223.nc,ftp://ftp.ifremer.fr/ifremer/argo/dac/aoml/5903743/profiles/SD5903743_223.nc
4901440_131,-147.976,50.098,2015-07-28T03:30:28.999Z,AO,ftp://ftp.ifremer.fr/ifremer/argo/dac/aoml/4901440/profiles/D4901440_131.nc,
5904125_149,-148.815,51.144,2015-07-27T16:09:49.004Z,AO,ftp://ftp.ifremer.fr/ifremer/argo/dac/aoml/5904125/profiles/D5904125_149.nc,ftp://ftp.ifremer.fr/ifremer/argo/dac/aoml/5904125/profiles/SD5904125_149.nc
4901795_002,-144.2239990234375,47.96699905395508,2015-07-27T11:47:59.999Z,ME,ftp://ftp.ifremer.fr/ifremer/argo/dac/meds/4901795/profiles/D4901795_002.nc,
4901774_002,-141.52960205078125,47.634700775146484,2015-07-27T06:04:00.000Z,ME,ftp://ftp.ifremer.fr/ifremer/argo/dac/meds/4901774/profiles/D4901774_002.nc,
5904095_122,-146.32,50.426,2015-07-25T12:22:24.001Z,AO,ftp://ftp.ifremer.fr/ifremer/argo/dac/aoml/5904095/profiles/D5904095_122.nc,ftp://ftp.ifremer.fr/ifremer/argo/dac/aoml/5904095/profiles/SD5904095_122.nc
4901766_052,-147.23330688476562,51.3760986328125,2015-07-25T08:51:00.000Z,ME,ftp://ftp.ifremer.fr/ifremer/argo/dac/meds/4901766/profiles/D4901766_052.nc,
5904106_116,-146.204,47.738,2015-07-25T08:36:03.000Z,AO,ftp://ftp.ifremer.fr/ifremer/argo/dac/aoml/5904106/profiles/D5904106_116.nc,ftp://ftp.ifremer.fr/ifremer/argo/dac/aoml/5904106/profiles/SD5904106_116.nc
4901180_110,-144.04893493652344,50.78947448730469,2015-07-24T10:30:00.000Z,ME,ftp://ftp.ifremer.fr/ifremer/argo/dac/meds/4901180/profiles/D4901180_110.nc,
4901188_110,-145.7093048095703,47.566200256347656,2015-07-24T10:24:00.000Z,ME,ftp://ftp.ifremer.fr/ifremer/argo/dac/meds/4901188/profiles/D4901188_110.nc,
5901077_311,-144.39,47.569,2015-07-24T04:52:45.000Z,AO,ftp://ftp.ifremer.fr/ifremer/argo/dac/aoml/5901077/profiles/D5901077_311.nc,
5901076_311,-141.308,48.927,2015-07-24T03:48:21.000Z,AO,ftp://ftp.ifremer.fr/ifremer/argo/dac/aoml/5901076/profiles/D5901076_311.nc,
5901075_311,-153.566,47.069,2015-07-24T02:21:07.000Z,AO,ftp://ftp.ifremer.fr/ifremer/argo/dac/aoml/5901075/profiles/D5901075_311.nc,
5903714_242,-140.347,51.34,2015-07-23T22:49:10.999Z,AO,ftp://ftp.ifremer.fr/ifremer/argo/dac/aoml/5903714/profiles/D5903714_242.nc,ftp://ftp.ifremer.fr/ifremer/argo/dac/aoml/5903714/profiles/SD5903714_242.nc
4900949_111,-148.035,46.898,2015-07-23T22:46:19.000Z,JA,ftp://ftp.ifremer.fr/ifremer/argo/dac/jma/4900949/profiles/D4900949_111.nc,
5903743_222,-141.521,50.19,2015-07-23T10:08:05.001Z,AO,ftp://ftp.ifremer.fr/ifremer/argo/dac/aoml/5903743/profiles/D5903743_222.nc,ftp://ftp.ifremer.fr/ifremer/argo/dac/aoml/5903743/profiles/SD5903743_222.nc
4901732_088,-142.0758819580078,50.88325881958008,2015-07-23T07:24:00.000Z,ME,ftp://ftp.ifremer.fr/ifremer/argo/dac/meds/4901732/profiles/D4901732_088.nc,
4902083_005,-151.611,48.834,2015-07-23T06:49:11.999Z,AO,ftp://ftp.ifremer.fr/ifremer/argo/dac/aoml/4902083/profiles/D4902083_005.nc,
5904125_148,-148.722,51.166,2015-07-22T11:28:10.001Z,AO,ftp://ftp.ifremer.fr/ifremer/argo/dac/aoml/5904125/profiles/D5904125_148.nc,ftp://ftp.ifremer.fr/ifremer/argo/dac/aoml/5904125/profiles/SD5904125_148.nc
4901185_110,-140.4665985107422,51.53030014038086,2015-07-22T10:17:59.999Z,ME,ftp://ftp.ifremer.fr/ifremer/argo/dac/meds/4901185/profiles/D4901185_110.nc,
5901079_302,-145.128,47.199,2015-07-21T04:49:41.999Z,AO,ftp://ftp.ifremer.fr/ifremer/argo/dac/aoml/5901079/profiles/D5901079_302.nc,
5904491_017,-143.2,47.455,2015-07-19T11:44:41.999Z,AO,ftp://ftp.ifremer.fr/ifremer/argo/dac/aoml/5904491/profiles/D5904491_017.nc,
4901777_001,-153.76539611816406,48.60649871826172,2015-07-19T08:55:59.999Z,ME,ftp://ftp.ifremer.fr/ifremer/argo/dac/meds/4901777/profiles/D4901777_001.nc,
5903714_241,-140.267,51.305,2015-07-18T17:43:13.999Z,AO,ftp://ftp.ifremer.fr/ifremer/argo/dac/aoml/5903714/profiles/D5903714_241.nc,ftp://ftp.ifremer.fr/ifremer/argo/dac/aoml/5903714/profiles/SD5903714_241.nc
5903743_221,-141.447,50.208,2015-07-18T10:15:08.001Z,AO,ftp://ftp.ifremer.fr/ifremer/argo/dac/aoml/5903743/profiles/D5903743_221.nc,ftp://ftp.ifremer.fr/ifremer/argo/dac/aoml/5903743/profiles/SD5903743_221.nc
5904106_115,-146.166,47.783,2015-07-18T00:59:34.000Z,AO,ftp://ftp.ifremer.fr/ifremer/argo/dac/aoml/5904106/profiles/D5904106_115.nc,ftp://ftp.ifremer.fr/ifremer/argo/dac/aoml/5904106/profiles/SD5904106_115.nc
5904095_121,-146.215,50.323,2015-07-17T16:42:59.001Z,AO,ftp://ftp.ifremer.fr/ifremer/argo/dac/aoml/5904095/profiles/D5904095_121.nc,ftp://ftp.ifremer.fr/ifremer/argo/dac/aoml/5904095/profiles/SD5904095_121.nc
4901795_001,-144.0792999267578,47.85020065307617,2015-07-17T11:59:00.000Z,ME,ftp://ftp.ifremer.fr/ifremer/argo/dac/meds/4901795/profiles/D4901795_001.nc,
4901440_130,-148.172,50.005,2015-07-17T10:18:53.999Z,AO,ftp://ftp.ifremer.fr/ifremer/argo/dac/aoml/4901440/profiles/D4901440_130.nc,
5904125_147,-148.643,51.161,2015-07-17T06:04:42.000Z,AO,ftp://ftp.ifremer.fr/ifremer/argo/dac/aoml/5904125/profiles/D5904125_147.nc,ftp://ftp.ifremer.fr/ifremer/argo/dac/aoml/5904125/profiles/SD5904125_147.nc
4901774_001,-141.48300170898438,47.59880065917969,2015-07-17T05:55:00.000Z,ME,ftp://ftp.ifremer.fr/ifremer/argo/dac/meds/4901774/profiles/D4901774_001.nc,
4901766_051,-147.07290649414062,51.318199157714844,2015-07-15T08:58:00.000Z,ME,ftp://ftp.ifremer.fr/ifremer/argo/dac/meds/4901766/profiles/D4901766_051.nc,
4901180_109,-144.20730590820312,50.88759994506836,2015-07-14T10:30:00.000Z,ME,ftp://ftp.ifremer.fr/ifremer/argo/dac/meds/4901180/profiles/D4901180_109.nc,
4901188_109,-145.70970153808594,47.655601501464844,2015-07-14T10:17:59.999Z,ME,ftp://ftp.ifremer.fr/ifremer/argo/dac/meds/4901188/profiles/D4901188_109.nc,
5901077_310,-144.573,47.572,2015-07-14T04:52:56.000Z,AO,ftp://ftp.ifremer.fr/ifremer/argo/dac/aoml/5901077/profiles/D5901077_310.nc,
5901076_310,-141.439,48.788,2015-07-14T03:52:43.000Z,AO,ftp://ftp.ifremer.fr/ifremer/argo/dac/aoml/5901076/profiles/D5901076_310.nc,
5901075_310,-153.614,47.014,2015-07-14T03:05:23.000Z,AO,ftp://ftp.ifremer.fr/ifremer/argo/dac/aoml/5901075/profiles/D5901075_310.nc,
4900949_110,-148.046,46.844,2015-07-13T22:41:16.999Z,JA,ftp://ftp.ifremer.fr/ifremer/argo/dac/jma/4900949/profiles/D4900949_110.nc,
5903714_240,-140.216,51.29,2015-07-13T13:03:38.004Z,AO,ftp://ftp.ifremer.fr/ifremer/argo/dac/aoml/5903714/profiles/D5903714_240.nc,ftp://ftp.ifremer.fr/ifremer/argo/dac/aoml/5903714/profiles/SD5903714_240.nc
5903743_220,-141.429,50.251,2015-07-13T10:03:37.001Z,AO,ftp://ftp.ifremer.fr/ifremer/argo/dac/aoml/5903743/profiles/D5903743_220.nc,ftp://ftp.ifremer.fr/ifremer/argo/dac/aoml/5903743/profiles/SD5903743_220.nc
4901732_087,-142.41720581054688,50.84960174560547,2015-07-13T07:24:00.000Z,ME,ftp://ftp.ifremer.fr/ifremer/argo/dac/meds/4901732/profiles/D4901732_087.nc,
4902083_004,-151.705,48.9,2015-07-13T06:42:49.999Z,AO,ftp://ftp.ifremer.fr/ifremer/argo/dac/aoml/4902083/profiles/D4902083_004.nc,
4901185_109,-140.57049560546875,51.41230010986328,2015-07-12T10:24:00.000Z,ME,ftp://ftp.ifremer.fr/ifremer/argo/dac/meds/4901185/profiles/D4901185_109.nc,
5904125_146,-148.599,51.169,2015-07-12T01:54:09.999Z,AO,ftp://ftp.ifremer.fr/ifremer/argo/dac/aoml/5904125/profiles/D5904125_146.nc,ftp://ftp.ifremer.fr/ifremer/argo/dac/aoml/5904125/profiles/SD5904125_146.nc
5901079_301,-145.172,47.168,2015-07-11T07:40:39.000Z,AO,ftp://ftp.ifremer.fr/ifremer/argo/dac/aoml/5901079/profiles/D5901079_301.nc,
5904106_114,-146.117,47.827,2015-07-10T17:58:11.001Z,AO,ftp://ftp.ifremer.fr/ifremer/argo/dac/aoml/5904106/profiles/D5904106_114.nc,ftp://ftp.ifremer.fr/ifremer/argo/dac/aoml/5904106/profiles/SD5904106_114.nc
5904095_120,-146.068,50.295,2015-07-09T22:13:26.002Z,AO,ftp://ftp.ifremer.fr/ifremer/argo/dac/aoml/5904095/profiles/D5904095_120.nc,ftp://ftp.ifremer.fr/ifremer/argo/dac/aoml/5904095/profiles/SD5904095_120.nc
4901777_000,-153.88760375976562,48.51530075073242,2015-07-09T14:05:00.000Z,ME,ftp://ftp.ifremer.fr/ifremer/argo/dac/meds/4901777/profiles/D4901777_000.nc,
5904491_016,-143.245,47.576,2015-07-09T07:58:43.999Z,AO,ftp://ftp.ifremer.fr/ifremer/argo/dac/aoml/5904491/profiles/D5904491_016.nc,
4901773_000,-150.16819763183594,48.279300689697266,2015-07-09T07:15:00.000Z,ME,ftp://ftp.ifremer.fr/ifremer/argo/dac/meds/4901773/profiles/R4901773_000.nc,
5903743_219,-141.437,50.278,2015-07-08T09:50:25.001Z,AO,ftp://ftp.ifremer.fr/ifremer/argo/dac/aoml/5903743/profiles/D5903743_219.nc,ftp://ftp.ifremer.fr/ifremer/argo/dac/aoml/5903743/profiles/SD5903743_219.nc
5903714_239,-140.175,51.252,2015-07-08T08:47:25.998Z,AO,ftp://ftp.ifremer.fr/ifremer/argo/dac/aoml/5903714/profiles/D5903714_239.nc,ftp://ftp.ifremer.fr/ifremer/argo/dac/aoml/5903714/profiles/SD5903714_239.nc
4901795_000,-143.9705047607422,47.775299072265625,2015-07-08T02:49:00.000Z,ME,ftp://ftp.ifremer.fr/ifremer/argo/dac/meds/4901795/profiles/D4901795_000.nc,
4901774_000,-141.43890380859375,47.57490158081055,2015-07-07T19:12:00.000Z,ME,ftp://ftp.ifremer.fr/ifremer/argo/dac/meds/4901774/profiles/D4901774_000.nc,
4901054_129,-152.125,45.942,2015-07-07T14:32:09.000Z,AO,ftp://ftp.ifremer.fr/ifremer/argo/dac/aoml/4901054/profiles/D4901054_129.nc,
4901440_129,-148.217,50.007,2015-07-06T21:31:27.998Z,AO,ftp://ftp.ifremer.fr/ifremer/argo/dac/aoml/4901440/profiles/D4901440_129.nc,
5904125_145,-148.534,51.162,2015-07-06T19:49:28.998Z,AO,ftp://ftp.ifremer.fr/ifremer/argo/dac/aoml/5904125/profiles/D5904125_145.nc,ftp://ftp.ifremer.fr/ifremer/argo/dac/aoml/5904125/profiles/SD5904125_145.nc
4901766_050,-146.88499450683594,51.2932014465332,2015-07-05T08:55:59.999Z,ME,ftp://ftp.ifremer.fr/ifremer/argo/dac/meds/4901766/profiles/D4901766_050.nc,
4901180_108,-144.39450073242188,51.006900787353516,2015-07-04T10:30:00.000Z,ME,ftp://ftp.ifremer.fr/ifremer/argo/dac/meds/4901180/profiles/D4901180_108.nc,
4901188_108,-145.70950317382812,47.730899810791016,2015-07-04T10:24:00.000Z,ME,ftp://ftp.ifremer.fr/ifremer/argo/dac/meds/4901188/profiles/D4901188_108.nc,
5901076_309,-141.568,48.671,2015-07-04T07:10:55.000Z,AO,ftp://ftp.ifremer.fr/ifremer/argo/dac/aoml/5901076/profiles/D5901076_309.nc,
5901077_309,-144.706,47.513,2015-07-04T05:07:13.000Z,AO,ftp://ftp.ifremer.fr/ifremer/argo/dac/aoml/5901077/profiles/D5901077_309.nc,
5901075_309,-153.683,46.843,2015-07-03T23:16:32.001Z,AO,ftp://ftp.ifremer.fr/ifremer/argo/dac/aoml/5901075/profiles/D5901075_309.nc,
4900949_109,-148.042,46.782,2015-07-03T22:38:21.000Z,JA,ftp://ftp.ifremer.fr/ifremer/argo/dac/jma/4900949/profiles/D4900949_109.nc,
5904106_113,-146.055,47.893,2015-07-03T10:21:45.001Z,AO,ftp://ftp.ifremer.fr/ifremer/argo/dac/aoml/5904106/profiles/D5904106_113.nc,ftp://ftp.ifremer.fr/ifremer/argo/dac/aoml/5904106/profiles/SD5904106_113.nc
5903743_218,-141.366,50.319,2015-07-03T09:33:39.001Z,AO,ftp://ftp.ifremer.fr/ifremer/argo/dac/aoml/5903743/profiles/D5903743_218.nc,ftp://ftp.ifremer.fr/ifremer/argo/dac/aoml/5903743/profiles/SD5903743_218.nc
4901732_086,-142.79010009765625,50.75590133666992,2015-07-03T07:24:00.000Z,ME,ftp://ftp.ifremer.fr/ifremer/argo/dac/meds/4901732/profiles/D4901732_086.nc,
4902083_003,-151.822,48.959,2015-07-03T06:37:13.998Z,AO,ftp://ftp.ifremer.fr/ifremer/argo/dac/aoml/4902083/profiles/D4902083_003.nc,
5903714_238,-140.119,51.227,2015-07-03T03:59:56.999Z,AO,ftp://ftp.ifremer.fr/ifremer/argo/dac/aoml/5903714/profiles/D5903714_238.nc,ftp://ftp.ifremer.fr/ifremer/argo/dac/aoml/5903714/profiles/SD5903714_238.nc
4901185_108,-140.59219360351562,51.36159896850586,2015-07-02T10:17:59.999Z,ME,ftp://ftp.ifremer.fr/ifremer/argo/dac/meds/4901185/profiles/D4901185_108.nc,
5904095_119,-145.935,50.267,2015-07-02T03:11:07.000Z,AO,ftp://ftp.ifremer.fr/ifremer/argo/dac/aoml/5904095/profiles/D5904095_119.nc,ftp://ftp.ifremer.fr/ifremer/argo/dac/aoml/5904095/profiles/SD5904095_119.nc
5904125_144,-148.452,51.124,2015-07-01T15:39:33.000Z,AO,ftp://ftp.ifremer.fr/ifremer/argo/dac/aoml/5904125/profiles/D5904125_144.nc,ftp://ftp.ifremer.fr/ifremer/argo/dac/aoml/5904125/profiles/SD5904125_144.nc
4902082_003,-152.201,45.944,2015-07-01T08:22:42.000Z,AO,ftp://ftp.ifremer.fr/ifremer/argo/dac/aoml/4902082/profiles/R4902082_003.nc,
5901079_300,-145.283,47.139,2015-07-01T04:42:09.001Z,AO,ftp://ftp.ifremer.fr/ifremer/argo/dac/aoml/5901079/profiles/D5901079_300.nc,